<?xml version="1.0" encoding="UTF-8"?><rss version="2.0"
	xmlns:content="http://purl.org/rss/1.0/modules/content/"
	xmlns:dc="http://purl.org/dc/elements/1.1/"
	xmlns:atom="http://www.w3.org/2005/Atom"
	xmlns:sy="http://purl.org/rss/1.0/modules/syndication/"
	
	>
<channel>
	<title>
	Comentarios en: ¡Hola mundo!	</title>
	<atom:link href="/https://admontec.tech//2023/08/29/hola-mundo/feed/" rel="self" type="application/rss+xml" />
	<link>/https://admontec.tech//2023/08/29/hola-mundo/</link>
	<description></description>
	<lastBuildDate>Tue, 29 Aug 2023 09:35:39 +0000</lastBuildDate>
	<sy:updatePeriod>
	hourly	</sy:updatePeriod>
	<sy:updateFrequency>
	1	</sy:updateFrequency>
	<generator>https://wordpress.org/?v=6.3</generator>
	<item>
		<title>
		Por: Un comentarista de WordPress		</title>
		<link>/https://admontec.tech//2023/08/29/hola-mundo/#comment-1</link>

		<dc:creator><![CDATA[Un comentarista de WordPress]]></dc:creator>
		<pubDate>Tue, 29 Aug 2023 09:35:39 +0000</pubDate>
		<guid isPermaLink="false">/https://admontec.tech//?p=1#comment-1</guid>

					<description><![CDATA[Hi, this is a comment.
To get started with moderating, editing, and deleting comments, please visit the Comments screen in the dashboard.
Commenter avatars come from &lt;a href=&quot;https://es.gravatar.com/&quot;&gt;Gravatar&lt;/a&gt;.]]></description>
			<content:encoded><![CDATA[<p>Hi, this is a comment.<br />
To get started with moderating, editing, and deleting comments, please visit the Comments screen in the dashboard.<br />
Commenter avatars come from <a href="https://es.gravatar.com/">Gravatar</a>.</p>
]]></content:encoded>
		
			</item>
	</channel>
</rss>
