<?xml version="1.0" encoding="UTF-8"?><rss version="2.0"
	xmlns:content="http://purl.org/rss/1.0/modules/content/"
	xmlns:wfw="http://wellformedweb.org/CommentAPI/"
	xmlns:dc="http://purl.org/dc/elements/1.1/"
	xmlns:atom="http://www.w3.org/2005/Atom"
	xmlns:sy="http://purl.org/rss/1.0/modules/syndication/"
	xmlns:slash="http://purl.org/rss/1.0/modules/slash/"
	>

<channel>
	<title>Admontec</title>
	<atom:link href="/https://admontec.tech//feed/" rel="self" type="application/rss+xml" />
	<link>/https://admontec.tech/</link>
	<description></description>
	<lastBuildDate>Tue, 29 Aug 2023 09:35:39 +0000</lastBuildDate>
	<language>es</language>
	<sy:updatePeriod>
	hourly	</sy:updatePeriod>
	<sy:updateFrequency>
	1	</sy:updateFrequency>
	<generator>https://wordpress.org/?v=6.3</generator>
	<item>
		<title>¡Hola mundo!</title>
		<link>/https://admontec.tech//2023/08/29/hola-mundo/</link>
					<comments>/https://admontec.tech//2023/08/29/hola-mundo/#comments</comments>
		
		<dc:creator><![CDATA[admontec]]></dc:creator>
		<pubDate>Tue, 29 Aug 2023 09:35:39 +0000</pubDate>
				<category><![CDATA[Sin categoría]]></category>
		<guid isPermaLink="false">/https://admontec.tech//?p=1</guid>

					<description><![CDATA[Bienvenido a WordPress. Esta es tu primera entrada. Edítala o bórrala, ¡luego empieza a escribir!]]></description>
										<content:encoded><![CDATA[
<p>Bienvenido a WordPress. Esta es tu primera entrada. Edítala o bórrala, ¡luego empieza a escribir!</p>
]]></content:encoded>
					
					<wfw:commentRss>/https://admontec.tech//2023/08/29/hola-mundo/feed/</wfw:commentRss>
			<slash:comments>1</slash:comments>
		
		
			</item>
	</channel>
</rss>
