<?xml version="1.0" encoding="UTF-8"?><rss version="2.0"
	xmlns:content="http://purl.org/rss/1.0/modules/content/"
	xmlns:dc="http://purl.org/dc/elements/1.1/"
	xmlns:atom="http://www.w3.org/2005/Atom"
	xmlns:sy="http://purl.org/rss/1.0/modules/syndication/"
	
	>
<channel>
	<title>
	Comentarios en: Página de ejemplo	</title>
	<atom:link href="/https://admontec.tech//pagina-ejemplo/feed/" rel="self" type="application/rss+xml" />
	<link>/https://admontec.tech/</link>
	<description></description>
	<lastBuildDate>Tue, 29 Aug 2023 09:35:39 +0000</lastBuildDate>
	<sy:updatePeriod>
	hourly	</sy:updatePeriod>
	<sy:updateFrequency>
	1	</sy:updateFrequency>
	<generator>https://wordpress.org/?v=6.3</generator>
</channel>
</rss>
